Split,Train_Months,n_estimators,max_depth,min_samples_leaf,Val_MSE,Val_R2,Val_R2_OOS,Val_Corr,Test_MSE,Test_MAE,Test_R2,Test_R2_OOS,Test_Corr
Split_1,36,200.0,5.0,10.0,0.02613513471462268,0.00865994917354651,0.013512730923870953,0.11866027315946288,0.016916118380951427,0.09610429024862116,-0.06865789974184855,-0.059044268178071624,-0.06953050346943504
Split_2,48,50.0,2.0,2.0,0.020074522466304284,-0.048864132681978756,0.005691887677635177,,0.010455506611064433,0.07362611945531945,-0.00023235767239415672,0.009719379316103338,
Split_3,60,100.0,5.0,2.0,0.011463482711626834,0.0362160426849194,0.043246156854895745,0.26523687566551635,0.013666267513639476,0.08451107095240652,-0.42478568151318763,-0.40218856383905965,0.13708307370649625
Split_4,72,50.0,2.0,2.0,0.008963399619858852,-0.031426868458654944,0.0053436936351732855,,0.010318332336055933,0.06745344331307478,0.0135748468011474,0.023218023238435026,0.24372657447881493
