Split,Train_Months,n_estimators,max_depth,min_samples_leaf,Val_MSE,Val_R2,Val_R2_OOS,Val_Corr,Test_MSE,Test_MAE,Test_R2,Test_R2_OOS,Test_Corr
Split_1,36,200,5.0,10,0.026135134714622688,0.0086599491735464,0.013512730923870842,0.11866027315946291,0.01618968509360394,0.09342666478472914,-0.022766244595151086,-0.013565453721120502,0.09545433989156113
Split_2,48,50,2.0,2,0.020074522466304284,-0.048864132681978756,0.005691887677635177,,0.010524055463413584,0.074632883586567,-0.006790125052921869,0.0032268579513661244,
Split_3,60,100,5.0,2,0.011463482711626834,0.0362160426849194,0.043246156854895745,0.26523687566551635,0.014243607272887726,0.0874485698204144,-0.4849766167136149,-0.4614248700989467,0.13742399995494092
Split_4,72,50,2.0,2,0.008963399619858852,-0.031426868458654944,0.0053436936351732855,,0.010326921473803536,0.06802579571440885,0.01275373140743985,0.02240493497237228,0.2437265744788149
