Split,Train_Months,Layers,Activation,Val_MSE,Val_R2,Val_R2_OOS,Val_Corr,Test_MSE,Test_MAE,Test_R2,Test_R2_OOS,Test_Corr
Split_1,36,"[32, 16, 8]",ReLU,0.026339758187532425,0.0008983016014099121,0.005789053939561306,0.12273192,0.01626610942184925,0.09302812814712524,-0.027594327926635742,-0.01835004180867994,-0.0026568826
Split_2,48,"[32, 16, 8]",Swish,0.01988007314503193,-0.03870439529418945,0.015323159263948893,-0.00444725,0.011072412133216858,0.0756252259016037,-0.059248924255371094,-0.048710042889567706,0.04843946
Split_3,60,"[32, 16, 8]",ReLU,0.012036660686135292,-0.01197350025177002,-0.004591891339443155,0.08428659,0.010080858133733273,0.06858277320861816,-0.050986409187316895,-0.03431779383898714,-0.03560341
Split_4,72,"[64, 32, 16]",LeakyReLU,0.008842064067721367,-0.017464637756347656,0.018808181079035258,0.039989904,0.010361596010625362,0.06746511161327362,0.009438872337341309,0.019122445569758062,0.106813
